{
    "$schema": "http://schema.management.azure.com/schemas/2015-01-01/deploymentTemplate.json#",
    "contentVersion": "1.0.0.0",
    "parameters": {
        "serviceName": {
            "type": "string",
            "minLength": 3,
            "maxLength": 24,
            "metadata": {
                "description": "Name of the FHIR service Web App."
            }
        },
        "appServicePlanResourceGroup": {
            "type": "string",
            "defaultValue": "",
            "metadata": {
                "description": "Resource group containing App Service Plan. If empty, deployment resource group is used."
            }
        },
        "appServicePlanName": {
            "type": "string",
            "defaultValue": "",
            "metadata": {
                "description": "Name of App Service Plan (existing or new). If empty, a name will be generated."
            }
        },
        "appServicePlanSku": {
            "type": "string",
            "allowedValues": [
                "F1",
                "D1",
                "B1",
                "B2",
                "B3",
                "S1",
                "S2",
                "S3",
                "P1",
                "P2",
                "P3",
                "P4"
            ],
            "defaultValue": "S1"
        },
        "securityAuthenticationAuthority": {
            "type": "string",
            "defaultValue": "",
            "metadata": {
                "description": "OAuth Authority"
            }
        },
        "securityAuthenticationAudience": {
            "type": "string",
            "defaultValue": "",
            "metadata": {
                "description": "Audience (aud) to validate in JWT"
            }
        },
        "enableAadSmartOnFhirProxy": {
            "type": "bool",
            "defaultValue": false,
            "metadata": {
                "description": "Enable Azure AAD SMART on FHIR Proxy"
            }
        },
        "msdeployPackageUrl": {
            "type": "string",
            "defaultValue": "",
            "metadata": {
                "description": "Webdeploy package to use as depoyment code. If blank, the latest code package will be deployed."
            }
        },
        "deployApplicationInsights": {
            "type": "bool",
            "defaultValue": true,
            "metadata": {
                "description": "Deploy Application Insights for the FHIR server."
            }
        },
        "applicationInsightsLocation": {
            "type": "string",
            "defaultValue": "eastus",
            "allowedValues": [
                "southeastasia",
                "northeurope",
                "westeurope",
                "eastus",
                "southcentralus",
                "westus2",
                "usgovvirginia",
                "usgovarizona"
            ]
        },
        "additionalFhirServerConfigProperties": {
            "type": "object",
            "defaultValue": {
            },
            "metadata": {
                "description": "Additional configuration properties for the FHIR server. In the form {\"path1\":\"value1\",\"path2\":\"value2\"}"
            }
        },
        "solutionType": {
            "type": "string",
            "defaultValue": "FhirServerSqlServer",
            "metadata": {
                "description": "The type of the solution"
            }
        },
        "sqlAdminPassword": {
            "type": "securestring",
            "metadata": {
                "description": "The password for the sql admin user if using SQL server."
            }
        },
        "sqlLocation": {
            "type": "string",
            "defaultValue": "[resourceGroup().location]",
            "metadata": {
                "description": "An override location for the sql server database."
            }
        },
        "fhirVersion": {
            "type": "string",
            "defaultValue": "R4",
            "allowedValues": [
                "Stu3",
                "R4",
                "R5"
            ],
            "metadata": {
                "description": "Only applies when MsdeployPackageUrl is not specified."
            }
        },
        "enableExport": {
            "type": "bool",
            "defaultValue": false,
            "metadata": {
                "description": "Determines whether export will be enabled for this fhir instance. If true, a storage account will be created as part of the deployment. You will need owner or user-administrator permissions for this."
            }
        },
        "sqlSchemaAutomaticUpdatesEnabled": {
            "type": "bool",
            "defaultValue": false,
            "metadata": {
                "description": "Determine whether the sql schema should be automatically upgraded on server startup"
            }
        }
    },
    "variables": {
        "defaultMsdeployPackageUrl": "[concat('https://fhirserverforazure.blob.core.windows.net/builds/ci/Microsoft.Health.Fhir.', parameters('fhirVersion'),'.Web.zip')]",
        "isMAG": "[or(contains(resourceGroup().location,'usgov'),contains(resourceGroup().location,'usdod'))]",
        "serviceName": "[toLower(parameters('serviceName'))]",
        "keyvaultEndpoint": "[if(variables('isMAG'), concat('https://', variables('serviceName'), '.vault.usgovcloudapi.net/'), concat('https://', variables('serviceName'), '.vault.azure.net/'))]",
        "appServicePlanResourceGroup": "[if(empty(parameters('appServicePlanResourceGroup')), resourceGroup().name, parameters('appServicePlanResourceGroup'))]",
        "appServicePlanName": "[if(empty(parameters('appServicePlanName')),concat(variables('serviceName'),'-asp'),parameters('appServicePlanName'))]",
        "appServiceResourceId": "[resourceId('Microsoft.Web/sites', variables('serviceName'))]",
        "securityAuthenticationEnabled": "[and(not(empty(parameters('securityAuthenticationAuthority'))),not(empty(parameters('securityAuthenticationAudience'))))]",
        "msdeployPackageUrlToUse": "[if(empty(parameters('msdeployPackageUrl')),variables('defaultMsdeployPackageUrl'),parameters('msdeployPackageUrl'))]",
        "deployAppInsights": "[parameters('deployApplicationInsights')]",
        "appInsightsName": "[concat('AppInsights-', variables('serviceName'))]",
        "storageBlobDataContributerRoleId": "[concat('/subscriptions/', subscription().subscriptionId, '/providers/Microsoft.Authorization/roleDefinitions/', 'ba92f5b4-2d11-453d-a403-e96b0029c9fe')]",
        "blobStorageUri": "[if(variables('isMAG'), '.blob.core.usgovcloudapi.net', '.blob.core.windows.net')]",
        "staticFhirServerConfigProperties": {
            "APPINSIGHTS_PORTALINFO": "ASP.NETCORE",
            "APPINSIGHTS_PROFILERFEATURE_VERSION": "1.0.0",
            "APPINSIGHTS_SNAPSHOTFEATURE_VERSION": "1.0.0",
            "WEBSITE_NODE_DEFAULT_VERSION": "6.9.4",
            "KeyVault:Endpoint": "[variables('keyvaultEndpoint')]",
            "FhirServer:Security:Enabled": "[variables('securityAuthenticationEnabled')]",
            "FhirServer:Security:EnableAadSmartOnFhirProxy": "[parameters('enableAadSmartOnFhirProxy')]",
            "FhirServer:Security:Authentication:Authority": "[parameters('securityAuthenticationAuthority')]",
            "FhirServer:Security:Authentication:Audience": "[parameters('securityAuthenticationAudience')]",
            "CosmosDb:ContinuationTokenSizeLimitInKb": "1",
            "SqlServer:Initialize": "true",
            "SqlServer:SchemaOptions:AutomaticUpdatesEnabled": "[parameters('sqlSchemaAutomaticUpdatesEnabled')]",
            "DataStore": "SqlServer",
            "FhirServer:Operations:Export:Enabled": "[parameters('enableExport')]",
            "FhirServer:Operations:Export:StorageAccountUri": "[if(parameters('enableExport'), concat('https://', variables('storageAccountName'), variables('blobStorageUri')), 'null')]"
        },
        "combinedFhirServerConfigProperties": "[union(variables('staticFhirServerConfigProperties'), parameters('additionalFhirServerConfigProperties'))]",
        "computedSqlServerReference": "[concat('Microsoft.Sql/servers/', variables('serviceName'))]",
        "storageAccountName": "[concat(substring(replace(variables('serviceName'), '-', ''), 0, min(11, length(replace(variables('serviceName'), '-', '')))), uniquestring(resourceGroup().id, variables('serviceName')))]"
    },
    "resources": [
        {
            "condition": "[empty(parameters('appServicePlanResourceGroup'))]",
            "apiVersion": "2015-08-01",
            "name": "[variables('appServicePlanName')]",
            "type": "Microsoft.Web/serverfarms",
            "tags": {
                "FhirServerSolution": "[parameters('solutionType')]"
            },
            "location": "[resourceGroup().location]",
            "sku": {
                "name": "[parameters('appServicePlanSku')]"
            },
            "properties": {
                "name": "[variables('appServicePlanName')]"
            }
        },
        {
            "apiVersion": "2015-08-01",
            "type": "Microsoft.Web/sites",
            "name": "[variables('serviceName')]",
            "tags": {
                "FhirServerSolution": "[parameters('solutionType')]"
            },
            "location": "[resourceGroup().location]",
            "identity": {
                "type": "SystemAssigned"
            },
            "properties": {
                "clientAffinityEnabled": false,
                "serverFarmId": "[resourceId(variables('appServicePlanResourceGroup'), 'Microsoft.Web/serverfarms/', variables('appServicePlanName'))]"
            },
            "dependsOn": [
                "[if(empty(parameters('appServicePlanResourceGroup')), resourceId('Microsoft.Web/serverfarms', variables('appServicePlanName')), resourceId('Microsoft.Sql/servers', variables('serviceName')))]"
            ],
            "resources": [
                {
                    "apiVersion": "2015-08-01",
                    "name": "appsettings",
                    "type": "config",
                    "dependsOn": [
                        "[variables('appServiceResourceId')]",
                        "[concat(variables('appServiceResourceId'), '/Extensions/MSDeploy')]",
                        "[if(variables('deployAppInsights'),concat('Microsoft.Insights/components/', variables('appInsightsName')),resourceId('Microsoft.KeyVault/vaults', variables('serviceName')))]"
                    ],
                    "properties": "[if(variables('deployAppInsights'), union(variables('combinedFhirServerConfigProperties'), json(concat('{\"ApplicationInsights:InstrumentationKey\": \"', reference(concat('Microsoft.Insights/components/', variables('appInsightsName'))).InstrumentationKey, '\"}'))), variables('combinedFhirServerConfigProperties'))]"
                },
                {
                    "apiVersion": "2015-08-01",
                    "type": "extensions",
                    "name": "MSDeploy",
                    "dependsOn": [
                        "[variables('appServiceResourceId')]",
                        "[concat(variables('appServiceResourceId'), '/siteextensions/AspNetCoreRuntime.3.1.x86')]"
                    ],
                    "properties": {
                        "packageUri": "[variables('msdeployPackageUrlToUse')]"
                    }
                },
                {
                    "type": "siteextensions",
                    "name": "AspNetCoreRuntime.3.1.x86",
                    "apiVersion": "2015-04-01",
                    "location": "[resourceGroup().location]",
                    "properties": {
                        "version": "3.1.6"
                    },
                    "dependsOn": [
                        "[variables('appServiceResourceId')]",
                        "[if(variables('deployAppInsights'),concat('Microsoft.Insights/components/', variables('appInsightsName')),resourceId('Microsoft.KeyVault/vaults', variables('serviceName')))]",
                        "[resourceId('Microsoft.KeyVault/vaults/secrets', variables('serviceName'), 'SqlServer--ConnectionString')]"
                    ]
                }
            ]
        },
        {
            "apiVersion": "2015-05-01",
            "name": "[variables('appInsightsName')]",
            "type": "Microsoft.Insights/components",
            "location": "[parameters('applicationInsightsLocation')]",
            "condition": "[variables('deployAppInsights')]",
            "kind": "web",
            "tags": {
                "[concat('hidden-link:', variables('appServiceResourceId'))]": "Resource",
                "displayName": "AppInsightsComponent",
                "FhirServerSolution": "[parameters('solutionType')]"
            },
            "properties": {
                "Application_Type": "web",
                "ApplicationId": "[variables('serviceName')]"
            }
        },
        {
            "name": "[variables('serviceName')]",
            "type": "Microsoft.Sql/servers",
            "apiVersion": "2015-05-01-preview",
            "location": "[parameters('sqlLocation')]",
            "tags": {
                "FhirServerSolution": "[parameters('solutionType')]"
            },
            "properties": {
                "administratorLogin": "fhirAdmin",
                "administratorLoginPassword": "[parameters('sqlAdminPassword')]",
                "version": "12.0"
            },
            "resources": [
                {
                    "apiVersion": "2017-10-01-preview",
                    "dependsOn": [
                        "[variables('serviceName')]"
                    ],
                    "location": "[parameters('sqlLocation')]",
                    "tags": {
                        "FhirServerSolution": "[parameters('solutionType')]"
                    },
                    "name": "FHIR",
                    "properties": {
                        "collation": "SQL_Latin1_General_CP1_CI_AS"
                    },
                    "sku": {
                        "name": "Standard",
                        "tier": "Standard",
                        "capacity": 20
                    },
                    "type": "databases"
                },
                {
                    "apiVersion": "2014-04-01",
                    "dependsOn": [
                        "[variables('serviceName')]"
                    ],
                    "location": "[resourceGroup().location]",
                    "name": "AllowAllWindowsAzureIps",
                    "properties": {
                        "endIpAddress": "0.0.0.0",
                        "startIpAddress": "0.0.0.0"
                    },
                    "type": "firewallrules"
                }
            ]
        },
        {
            "type": "Microsoft.KeyVault/vaults",
            "name": "[variables('serviceName')]",
            "apiVersion": "2015-06-01",
            "location": "[resourceGroup().location]",
            "tags": {
                "FhirServerSolution": "[parameters('solutionType')]"
            },
            "properties": {
                "sku": {
                    "family": "A",
                    "name": "Standard"
                },
                "tenantId": "[reference(variables('appServiceResourceId'), '2015-08-01', 'Full').Identity.tenantId]",
                "accessPolicies": [
                    {
                        "tenantId": "[reference(variables('appServiceResourceId'), '2015-08-01', 'Full').Identity.tenantId]",
                        "objectId": "[reference(variables('appServiceResourceId'), '2015-08-01', 'Full').Identity.principalId]",
                        "permissions": {
                            "secrets": [
                                "get",
                                "list",
                                "set"
                            ]
                        }
                    }
                ],
                "enabledForDeployment": false
            },
            "dependsOn": [
                "[variables('appServiceResourceId')]"
            ]
        },
        {
            "type": "Microsoft.KeyVault/vaults/secrets",
            "name": "[concat(variables('serviceName'), '/SqlServer--ConnectionString')]",
            "apiVersion": "2015-06-01",
            "properties": {
                "contentType": "text/plain",
                "value": "[concat('Server=tcp:', reference(variables('computedSqlServerReference'), '2015-05-01-preview').fullyQualifiedDomainName,',1433;Initial Catalog=FHIR;Persist Security Info=False;User ID=', reference(variables('computedSqlServerReference'), '2015-05-01-preview').administratorLogin,';Password=',parameters('sqlAdminPassword'),';MultipleActiveResultSets=False;Encrypt=True;TrustServerCertificate=False;Connection Timeout=30;')]"
            },
            "dependsOn": [
                "[resourceId('Microsoft.KeyVault/vaults', variables('serviceName'))]",
                "[resourceId('Microsoft.Sql/servers', variables('serviceName'))]"
            ]
        },
        {
            "name": "[variables('storageAccountName')]",
            "type": "Microsoft.Storage/storageAccounts",
            "apiVersion": "2019-06-01",
            "location": "[resourceGroup().location]",
            "properties": {
                "supportsHttpsTrafficOnly": "true"
            },
            "condition": "[parameters('enableExport')]",
            "dependsOn": [],
            "sku": {
                "name": "Standard_LRS"
            },
            "kind": "Storage",
            "tags": {}
        },
        {
            "type": "Microsoft.Storage/storageAccounts/providers/roleAssignments",
            "apiVersion": "2018-09-01-preview",
            "name": "[concat(variables('storageAccountName'), '/Microsoft.Authorization/', guid(uniqueString(variables('storageAccountName'), parameters('fhirVersion'), variables('serviceName'))))]",
            "condition": "[parameters('enableExport')]",
            "dependsOn": [
                "[variables('storageAccountName')]",
                "[variables('serviceName')]"
            ],
            "properties": {
                "roleDefinitionId": "[variables('storageBlobDataContributerRoleId')]",
                "principalId": "[reference(concat('Microsoft.Web/sites/', variables('serviceName')), '2018-11-01', 'full').identity.principalId]",
                "principalType": "ServicePrincipal"
            }
        }
    ]
}
