<?xml version="1.0" encoding="ISO-8859-1"?>
<assembly xmlns="urn:assembly" xmlns:xsi="http://www.w3.org/2001/XMLSchema-instance"
  xsi:schemaLocation="urn:assembly http://maven.apache.org/xsd/assembly-1.1.0.xsd">

    <id>hapi-hl7overhttp-relay</id>
    
    <formats>
        <format>zip</format>
        <format>tar.bz2</format>
    </formats>

    <includeBaseDirectory>false</includeBaseDirectory>

    <fileSets>

        <fileSet>
            <directory>${project.basedir}/target/appassembler/jsw</directory>
            <includes>
            	<include>**/*</include>
            	<include>*</include>
            </includes>
            <outputDirectory></outputDirectory>
        </fileSet>

    </fileSets>

</assembly>
